{
	"class_name" : "PinholeCameraParameters",
	"extrinsic" : 
	[
		-0.31791054463737783,
		0.74163949561413889,
		-0.59068074638807344,
		0.0,
		-0.20966400641847685,
		0.55258655396143908,
		0.8066530262718753,
		0.0,
		0.92464798167784845,
		0.38028799471746061,
		-0.020177984360534106,
		0.0,
		-0.69566892172555383,
		-3.3123917989131506,
		0.74671662912075343,
		1.0
	],
	"intrinsic" : 
	{
		"height" : 1061,
		"intrinsic_matrix" : 
		[
			918.85295341528945,
			0.0,
			0.0,
			0.0,
			918.85295341528945,
			0.0,
			959.5,
			530.0,
			1.0
		],
		"width" : 1920
	},
	"version_major" : 1,
	"version_minor" : 0
}